{"cameraMode":{"drawMode":0,"name":"Shaded","section":"Shading Mode"},"sceneLighting":true,"audioPlay":false,"sceneViewState":{"showFog":true,"showMaterialUpdate":false,"showSkybox":true,"showFlares":true,"showImageEffects":true,"showParticleSystems":true},"in2DMode":false,"pivot":{"x":-170.52574157714845,"y":-301.99078369140627,"z":1113.8240966796875},"rotation":{"x":-0.0407080315053463,"y":0.06649276614189148,"z":-0.002715169684961438,"w":-0.9969545006752014},"size":3931.600341796875,"orthographic":false}